{
    "panels": [
        {
            "vertices": [
                [
                    4.4466368365192466e-08,
                    -2.936679521781116e-08,
                    0.0
                ],
                [
                    2.379999876022339,
                    -2.090517909891787e-07,
                    0.0
                ],
                [
                    2.380000114440918,
                    1.9799997806549072,
                    1.1920928955078125e-07
                ],
                [
                    1.939522178417974e-07,
                    1.9800000190734863,
                    1.1920928955078125e-07
                ]
            ],
            "matrix": [
                [
                    1.288825934864235e-08,
                    0.17071017622947693,
                    -0.10420190542936325,
                    -2.272157669067383
                ],
                [
                    -0.20000000298023224,
                    1.5099580252808664e-08,
                    0.0,
                    1.100000023841858
                ],
                [
                    7.867025253460724e-09,
                    0.10420190542936325,
                    0.17071017622947693,
                    2.0091588497161865
                ],
                [
                    0.0,
                    0.0,
                    0.0,
                    1.0
                ]
            ],
            "pixels": [
                [
                    0.0,
                    0.0,
                    0.0
                ],
                [
                    1.0,
                    0.0,
                    0.0
                ],
                [
                    2.0,
                    0.0,
                    0.0
                ],
                [
                    3.0,
                    0.0,
                    0.0
                ],
                [
                    4.0,
                    0.0,
                    0.0
                ],
                [
                    5.0,
                    0.0,
                    0.0
                ],
                [
                    6.0,
                    0.0,
                    0.0
                ],
                [
                    7.0,
                    0.0,
                    0.0
                ],
                [
                    8.0,
                    0.0,
                    0.0
                ],
                [
                    9.0,
                    0.0,
                    0.0
                ],
                [
                    10.0,
                    0.0,
                    0.0
                ],
                [
                    11.0,
                    0.0,
                    0.0
                ],
                [
                    11.0,
                    1.0,
                    0.0
                ],
                [
                    10.0,
                    1.0,
                    0.0
                ],
                [
                    9.0,
                    1.0,
                    0.0
                ],
                [
                    8.0,
                    1.0,
                    0.0
                ],
                [
                    7.0,
                    1.0,
                    0.0
                ],
                [
                    6.0,
                    1.0,
                    0.0
                ],
                [
                    5.0,
                    1.0,
                    0.0
                ],
                [
                    4.0,
                    1.0,
                    0.0
                ],
                [
                    3.0,
                    1.0,
                    0.0
                ],
                [
                    2.0,
                    1.0,
                    0.0
                ],
                [
                    1.0,
                    1.0,
                    0.0
                ],
                [
                    0.0,
                    1.0,
                    0.0
                ],
                [
                    0.0,
                    2.0,
                    0.0
                ],
                [
                    1.0,
                    2.0,
                    0.0
                ],
                [
                    2.0,
                    2.0,
                    0.0
                ],
                [
                    3.0,
                    2.0,
                    0.0
                ],
                [
                    4.0,
                    2.0,
                    0.0
                ],
                [
                    5.0,
                    2.0,
                    0.0
                ],
                [
                    6.0,
                    2.0,
                    0.0
                ],
                [
                    7.0,
                    2.0,
                    0.0
                ],
                [
                    8.0,
                    2.0,
                    0.0
                ],
                [
                    9.0,
                    2.0,
                    0.0
                ],
                [
                    10.0,
                    2.0,
                    0.0
                ],
                [
                    11.0,
                    2.0,
                    0.0
                ],
                [
                    11.0,
                    3.0,
                    0.0
                ],
                [
                    10.0,
                    3.0,
                    0.0
                ],
                [
                    9.0,
                    3.0,
                    0.0
                ],
                [
                    8.0,
                    3.0,
                    0.0
                ],
                [
                    7.0,
                    3.0,
                    0.0
                ],
                [
                    6.0,
                    3.0,
                    0.0
                ],
                [
                    5.0,
                    3.0,
                    0.0
                ],
                [
                    4.0,
                    3.0,
                    0.0
                ],
                [
                    3.0,
                    3.0,
                    0.0
                ],
                [
                    2.0,
                    3.0,
                    0.0
                ],
                [
                    1.0,
                    3.0,
                    0.0
                ],
                [
                    0.0,
                    3.0,
                    0.0
                ],
                [
                    0.0,
                    4.0,
                    0.0
                ],
                [
                    1.0,
                    4.0,
                    0.0
                ],
                [
                    2.0,
                    4.0,
                    0.0
                ],
                [
                    3.0,
                    4.0,
                    0.0
                ],
                [
                    4.0,
                    4.0,
                    0.0
                ],
                [
                    5.0,
                    4.0,
                    0.0
                ],
                [
                    6.0,
                    4.0,
                    0.0
                ],
                [
                    7.0,
                    4.0,
                    0.0
                ],
                [
                    8.0,
                    4.0,
                    0.0
                ],
                [
                    9.0,
                    4.0,
                    0.0
                ],
                [
                    10.0,
                    4.0,
