{
    "panels": [
        {
            "vertices": [
                [
                    3.6916574686074455e-08,
                    -2.1817008644120506e-08,
                    0.0
                ],
                [
                    2.5799996852874756,
                    -2.1660156335201464e-07,
                    0.0
                ],
                [
                    2.5799999237060547,
                    2.179999828338623,
                    1.4901161193847656e-07
                ],
                [
                    2.0150199020463333e-07,
                    2.179999828338623,
                    1.4901161193847656e-07
                ]
            ],
            "matrix": [
                [
                    1.288825934864235e-08,
                    0.17071017622947693,
                    -0.10420190542936325,
                    -2.272157669067383
                ],
                [
                    -0.20000000298023224,
                    1.5099580252808664e-08,
                    0.0,
                    1.100000023841858
                ],
                [
                    7.867025253460724e-09,
                    0.10420190542936325,
                    0.17071017622947693,
                    2.0091588497161865
                ],
                [
                    0.0,
                    0.0,
                    0.0,
                    1.0
                ]
            ],
            "pixels": [
                [
                    0,
                    0
                ],
                [
                    1,
                    0
                ],
                [
                    2,
                    0
                ],
                [
                    3,
                    0
                ],
                [
                    4,
                    0
                ],
                [
                    5,
                    0
                ],
                [
                    6,
                    0
                ],
                [
                    7,
                    0
                ],
                [
                    8,
                    0
                ],
                [
                    9,
                    0
                ],
                [
                    10,
                    0
                ],
                [
                    11,
                    0
                ],
                [
                    11,
                    1
                ],
                [
                    10,
                    1
                ],
                [
                    9,
                    1
                ],
                [
                    8,
                    1
                ],
                [
                    7,
                    1
                ],
                [
                    6,
                    1
                ],
                [
                    5,
                    1
                ],
                [
                    4,
                    1
                ],
                [
                    3,
                    1
                ],
                [
                    2,
                    1
                ],
                [
                    1,
                    1
                ],
                [
                    0,
                    1
                ],
                [
                    0,
                    2
                ],
                [
                    1,
                    2
                ],
                [
                    2,
                    2
                ],
                [
                    3,
                    2
                ],
                [
                    4,
                    2
                ],
                [
                    5,
                    2
                ],
                [
                    6,
                    2
                ],
                [
                    7,
                    2
                ],
                [
                    8,
                    2
                ],
                [
                    9,
                    2
                ],
                [
                    10,
                    2
                ],
                [
                    11,
                    2
                ],
                [
                    11,
                    3
                ],
                [
                    10,
                    3
                ],
                [
                    9,
                    3
                ],
                [
                    8,
                    3
                ],
                [
                    7,
                    3
                ],
                [
                    6,
                    3
                ],
                [
                    5,
                    3
                ],
                [
                    4,
                    3
                ],
                [
                    3,
                    3
                ],
                [
                    2,
                    3
                ],
                [
                    1,
                    3
                ],
                [
                    0,
                    3
                ],
                [
                    0,
                    4
                ],
                [
                    1,
                    4
                ],
                [
                    2,
                    4
                ],
                [
                    3,
                    4
                ],
                [
                    4,
                    4
                ],
                [
                    5,
                    4
                ],
                [
                    6,
                    4
                ],
                [
                    7,
                    4
                ],
                [
                    8,
                    4
                ],
                [
                    9,
                    4
                ],
                [
                    10,
                    4
                ],
                [
                    11,
                    4
                ],
                [
                    11,
                    5
                ],
                [
                    10,
                    5
                ],
                [
                    9,
                    5
                ],
                [
                    8,
                    5
                ],
                [
                    7,
                    5
                ],
                [
                    6,
                    5
                ],
                [
                    5,
                    5
                ],
                [
                    4,
                    5
                ],
                [
                    3,
                    5
                ],
                [
                    2,
                    5
                ],
                [
                    1,
                    5
                ],
                [
                    0,
                    5
                ],
                [
                    0,
                    6
                ],
                [
                    1,
                    6
                ],
                [
                    2,
                    6
                ],
                [
                    3,
                    6
                ],
                [
                    4,
                    6
                ],
                [
                    5,
                    6
                ],
                [
                    6,
                    6
                ],
                [
