{
    "LEDSize": 1.0,
    "panels": [
        {
            "matrix": [
                [2.629305362701416, -1.9103020429611206, 0.0, 0.0],
                [1.9103020429611206, 2.629305362701416, 0.0, 0.0],
                [0.0, 0.0, 3.25, 0.0],
                [0.0, 0.0, 0.0, 1.0]
            ],
            "pixels": [
                [0.172, 0.077],
                [0.222, 0.077],
                [0.272, 0.077],
                [0.322, 0.077],
                [0.372, 0.077],
                [0.422, 0.077],
                [0.472, 0.077],
                [0.522, 0.077],
                [0.572, 0.077],
                [0.622, 0.077],
                [0.672, 0.077],
                [0.722, 0.077],
                [0.772, 0.077],
                [0.822, 0.077],
                [0.872, 0.077],
                [0.922, 0.077],
                [0.972, 0.077],
                [1.022, 0.077],
                [1.072, 0.077],
                [1.122, 0.077],
                [1.172, 0.077],
                [1.222, 0.077],
                [1.272, 0.077],
                [1.322, 0.077],
                [1.372, 0.077],
                [0.222, 0.127],
                [0.272, 0.127],
                [0.322, 0.127],
                [0.372, 0.127],
                [0.422, 0.127],
                [0.472, 0.127],
                [0.522, 0.127],
                [0.572, 0.127],
                [0.622, 0.127],
                [0.672, 0.127],
                [0.722, 0.127],
                [0.772, 0.127],
                [0.822, 0.127],
                [0.872, 0.127],
                [0.922, 0.127],
                [0.972, 0.127],
                [1.022, 0.127],
                [1.072, 0.127],
                [1.122, 0.127],
                [1.172, 0.127],
                [1.222, 0.127],
                [1.272, 0.127],
                [1.322, 0.127],
                [0.222, 0.177],
                [0.272, 0.177],
                [0.322, 0.177],
                [0.372, 0.177],
                [0.422, 0.177],
                [0.472, 0.177],
                [0.522, 0.177],
                [0.572, 0.177],
                [0.622, 0.177],
                [0.672, 0.177],
                [0.722, 0.177],
                [0.772, 0.177],
                [0.822, 0.177],
                [0.872, 0.177],
                [0.922, 0.177],
                [0.972, 0.177],
                [1.022, 0.177],
                [1.072, 0.177],
                [1.122, 0.177],
                [1.172, 0.177],
                [1.222, 0.177],
                [1.272, 0.177],
                [1.322, 0.177],
                [0.272, 0.227],
                [0.322, 0.227],
                [0.372, 0.227],
                [0.422, 0.227],
                [0.472, 0.227],
                [0.522, 0.227],
                [0.572, 0.227],
                [0.622, 0.227],
                [0.672, 0.227],
                [0.722, 0.227],
                [0.772, 0.227],
                [0.822, 0.227],
                [0.872, 0.227],
                [0.922, 0.227],
                [0.972, 0.227],
                [1.022, 0.227],
                [1.072, 0.227],
                [1.122, 0.227],
                [1.172, 0.227],
                [1.222, 0.227],
                [1.272, 0.227],
                [0.322, 0.277],
                [0.372, 0.277],
                [0.422, 0.277],
                [0.472, 0.277],
                [0.522, 0.277],
                [0.572, 0.277],
                [0.622, 0.277],
                [0.672, 0.277],
                [0.722, 0.277],
                [0.772, 0.277],
                [0.822, 0.277],
                [0.872, 0.277],
                [0.922, 0.277],
                [0.972, 0.277],
                [1.022, 0.277],
                [1.072, 0.277],
                [1.122, 0.277],
                [1.172, 0.277],
                [1.222, 0.277],
                [0.322, 0.327],
                [0.372, 0.327],
                [0.422, 0.327],
                [0.472, 0.327],
                [0.522, 0.327],
                [0.572, 0.327],
                [0.622, 0.327],
                [0.672, 0.327],
                [0.722, 0.327],
                [0.772, 0.327],
                [0.822, 0.327],
                [0.872, 0.327],
                [0.922, 0.327],
                [0.972, 0.327],
                [1.022, 0.327],
                [1.072, 0.327],
                [1.122, 0.327],
                [1.172, 0.327],
                [1.222, 0.327],
                [0.372, 0.377],
                [0.422, 0.377],
                [0.472, 0.377],
                [0.522, 0.377],
                [0.572, 0.377],
                [0.622, 0.377],
                [0.672, 0.377],
                [0.722, 0.377],
                [0.772, 0.377],
                [0.822, 0.377],
                [0.872, 0.377],
                [0.922, 0.377],
                [0.972, 0.377],
                [1.022, 0.377],
                [1.072, 0.377],
                [1.122, 0.377],
                [1.172, 0.377],
                [0.422, 0.427],
                [0.472, 0.427],
                [0.522, 0.427],
                [0.572, 0.427],
                [0.622, 0.427],
                [0.672, 0.427],
                [0.722, 0.427],
                [0.772, 0.427],
                [0.822, 0.427],
                [0.872, 0.427],
                [0.922, 0.427],
                [0.972, 0.427],
                [1.022, 0.427],
                [1.072, 0.427],
                [1.122, 0.427],
                [0.422, 0.477],
                [0.472, 0.477],
                [0.522, 0.477],
                [0.572, 0.477],
                [0.622, 0.477],
                [0.672, 0.477],
                [0.722, 0.477],
                [0.772, 0.477],
                [0.822, 0.477],
                [0.872, 0.477],
                [0.922, 0.477],
                [0.972, 0.477],
                [1.022, 0.477],
                [1.072, 0.477],
                [1.122, 0.477],
                [0.472, 0.527],
                [0.522, 0.527],
                [0.572, 0.527],
                [0.622, 0.527],
                [0.672, 0.527],
                [0.722, 0.527],
                [0.772, 0.527],
                [0.822, 0.527],
                [0.872, 0.527],
                [0.922, 0.527],
                [0.972, 0.527],
                [1.022, 0.527],
                [1.072, 0.527],
                [0.522, 0.577],
                [0.572, 0.577],
                [0.622, 0.577],
                [0.672, 0.577],
                [0.722, 0.577],
                [0.772, 0.577],
                [0.822, 0.577],
                [0.872, 0.577],
                [0.922, 0.577],
                [0.972, 0.577],
                [1.022, 0.577],
                [0.522, 0.627],
                [0.572, 0.627],
                [0.622, 0.627],
                [0.672, 0.627],
                [0.722, 0.627],
                [0.772, 0.627],
                [0.822, 0.627],
                [0.872, 0.627],
                [0.922, 0.627],
                [0.972, 0.627],
                [1.022, 0.627],
                [0.572, 0.677],
                [0.622, 0.677],
                [0.672, 0.677],
                [0.722, 0.677],
                [0.772, 0.677],
                [0.822, 0.677],
                [0.872, 0.677],
                [0.922, 0.677],
                [0.972, 0.677],
                [0.622, 0.727],
                [0.672, 0.727],
                [0.722, 0.727],
                [0.772, 0.727],
                [0.822, 0.727],
                [0.872, 0.727],
                [0.922, 0.727],
                [0.622, 0.777],
                [0.672, 0.777],
                [0.722, 0.777],
                [0.772, 0.777],
                [0.822, 0.777],
                [0.872, 0.777],
                [0.922, 0.777],
                [0.672, 0.827],
                [0.722, 0.827],
                [0.772, 0.827],
                [0.822, 0.827],
